,assignee,assignees,body,closed_at,comments,comments_url,created_at,events_url,html_url,id,labels,labels_url,locked,milestone,number,pull_request,repository_url,state,title,updated_at,url,user
0,,[],,2017-03-28T23:05:00Z,0,https://api.github.com/repos/rnambis/SE17-group-O/issues/27/comments,2017-03-28T23:03:31Z,https://api.github.com/repos/rnambis/SE17-group-O/issues/27/events,https://github.com/rnambis/SE17-group-O/pull/27,217718117,[],https://api.github.com/repos/rnambis/SE17-group-O/issues/27/labels{/name},False,,27,"{u'url': u'https://api.github.com/repos/rnambis/SE17-group-O/pulls/27', u'diff_url': u'https://github.com/rnambis/SE17-group-O/pull/27.diff', u'html_url': u'https://github.com/rnambis/SE17-group-O/pull/27', u'patch_url': u'https://github.com/rnambis/SE17-group-O/pull/27.patch'}",https://api.github.com/repos/rnambis/SE17-group-O,closed,merge changes,2017-03-28T23:05:00Z,https://api.github.com/repos/rnambis/SE17-group-O/issues/27,"{u'following_url': u'https://api.github.com/users/bhushan9/following{/other_user}', u'events_url': u'https://api.github.com/users/bhushan9/events{/privacy}', u'organizations_url': u'https://api.github.com/users/bhushan9/orgs', u'url': u'https://api.github.com/users/bhushan9', u'gists_url': u'https://api.github.com/users/bhushan9/gists{/gist_id}', u'html_url': u'https://github.com/bhushan9', u'subscriptions_url': u'https://api.github.com/users/bhushan9/subscriptions', u'avatar_url': u'https://avatars3.githubusercontent.com/u/7704900?v=3', u'repos_url': u'https://api.github.com/users/bhushan9/repos', u'received_events_url': u'https://api.github.com/users/bhushan9/received_events', u'gravatar_id': u'', u'starred_url': u'https://api.github.com/users/bhushan9/starred{/owner}{/repo}', u'site_admin': False, u'login': u'bhushan9', u'type': u'User', u'id': 7704900, u'followers_url': u'https://api.github.com/users/bhushan9/followers'}"
1,,[],,2017-03-31T17:25:08Z,0,https://api.github.com/repos/rnambis/SE17-group-O/issues/26/comments,2017-03-18T15:45:16Z,https://api.github.com/repos/rnambis/SE17-group-O/issues/26/events,https://github.com/rnambis/SE17-group-O/issues/26,215202242,[],https://api.github.com/repos/rnambis/SE17-group-O/issues/26/labels{/name},False,,26,,https://api.github.com/repos/rnambis/SE17-group-O,closed,Refresh newsfeed,2017-03-31T17:25:08Z,https://api.github.com/repos/rnambis/SE17-group-O/issues/26,"{u'following_url': u'https://api.github.com/users/bhushan9/following{/other_user}', u'events_url': u'https://api.github.com/users/bhushan9/events{/privacy}', u'organizations_url': u'https://api.github.com/users/bhushan9/orgs', u'url': u'https://api.github.com/users/bhushan9', u'gists_url': u'https://api.github.com/users/bhushan9/gists{/gist_id}', u'html_url': u'https://github.com/bhushan9', u'subscriptions_url': u'https://api.github.com/users/bhushan9/subscriptions', u'avatar_url': u'https://avatars3.githubusercontent.com/u/7704900?v=3', u'repos_url': u'https://api.github.com/users/bhushan9/repos', u'received_events_url': u'https://api.github.com/users/bhushan9/received_events', u'gravatar_id': u'', u'starred_url': u'https://api.github.com/users/bhushan9/starred{/owner}{/repo}', u'site_admin': False, u'login': u'bhushan9', u'type': u'User', u'id': 7704900, u'followers_url': u'https://api.github.com/users/bhushan9/followers'}"
2,"{u'following_url': u'https://api.github.com/users/rnambis/following{/other_user}', u'events_url': u'https://api.github.com/users/rnambis/events{/privacy}', u'organizations_url': u'https://api.github.com/users/rnambis/orgs', u'url': u'https://api.github.com/users/rnambis', u'gists_url': u'https://api.github.com/users/rnambis/gists{/gist_id}', u'html_url': u'https://github.com/rnambis', u'subscriptions_url': u'https://api.github.com/users/rnambis/subscriptions', u'avatar_url': u'https://avatars3.githubusercontent.com/u/21146884?v=3', u'repos_url': u'https://api.github.com/users/rnambis/repos', u'received_events_url': u'https://api.github.com/users/rnambis/received_events', u'gravatar_id': u'', u'starred_url': u'https://api.github.com/users/rnambis/starred{/owner}{/repo}', u'site_admin': False, u'login': u'rnambis', u'type': u'User', u'id': 21146884, u'followers_url': u'https://api.github.com/users/rnambis/followers'}","[{u'following_url': u'https://api.github.com/users/rnambis/following{/other_user}', u'events_url': u'https://api.github.com/users/rnambis/events{/privacy}', u'organizations_url': u'https://api.github.com/users/rnambis/orgs', u'url': u'https://api.github.com/users/rnambis', u'gists_url': u'https://api.github.com/users/rnambis/gists{/gist_id}', u'html_url': u'https://github.com/rnambis', u'subscriptions_url': u'https://api.github.com/users/rnambis/subscriptions', u'avatar_url': u'https://avatars3.githubusercontent.com/u/21146884?v=3', u'repos_url': u'https://api.github.com/users/rnambis/repos', u'received_events_url': u'https://api.github.com/users/rnambis/received_events', u'gravatar_id': u'', u'starred_url': u'https://api.github.com/users/rnambis/starred{/owner}{/repo}', u'site_admin': False, u'login': u'rnambis', u'type': u'User', u'id': 21146884, u'followers_url': u'https://api.github.com/users/rnambis/followers'}]",,2017-03-31T17:25:56Z,0,https://api.github.com/repos/rnambis/SE17-group-O/issues/25/comments,2017-03-18T15:21:43Z,https://api.github.com/repos/rnambis/SE17-group-O/issues/25/events,https://github.com/rnambis/SE17-group-O/issues/25,215200766,[],https://api.github.com/repos/rnambis/SE17-group-O/issues/25/labels{/name},False,,25,,https://api.github.com/repos/rnambis/SE17-group-O,closed,Creating another database for storing user generated data.,2017-03-31T17:25:56Z,https://api.github.com/repos/rnambis/SE17-group-O/issues/25,"{u'following_url': u'https://api.github.com/users/bhushan9/following{/other_user}', u'events_url': u'https://api.github.com/users/bhushan9/events{/privacy}', u'organizations_url': u'https://api.github.com/users/bhushan9/orgs', u'url': u'https://api.github.com/users/bhushan9', u'gists_url': u'https://api.github.com/users/bhushan9/gists{/gist_id}', u'html_url': u'https://github.com/bhushan9', u'subscriptions_url': u'https://api.github.com/users/bhushan9/subscriptions', u'avatar_url': u'https://avatars3.githubusercontent.com/u/7704900?v=3', u'repos_url': u'https://api.github.com/users/bhushan9/repos', u'received_events_url': u'https://api.github.com/users/bhushan9/received_events', u'gravatar_id': u'', u'starred_url': u'https://api.github.com/users/bhushan9/starred{/owner}{/repo}', u'site_admin': False, u'login': u'bhushan9', u'type': u'User', u'id': 7704900, u'followers_url': u'https://api.github.com/users/bhushan9/followers'}"
3,,[],"A. Tracking user behavior in web app 
    1. Time spent
    2. Like/Dislike button
    3. 5 star ratings before closing the tab.
B. Interviews
",2017-04-07T16:20:21Z,1,https://api.github.com/repos/rnambis/SE17-group-O/issues/24/comments,2017-03-18T15:20:39Z,https://api.github.com/repos/rnambis/SE17-group-O/issues/24/events,https://github.com/rnambis/SE17-group-O/issues/24,215200706,[],https://api.github.com/repos/rnambis/SE17-group-O/issues/24/labels{/name},False,,24,,https://api.github.com/repos/rnambis/SE17-group-O,closed,User Evaluations Techniques,2017-04-07T16:20:21Z,https://api.github.com/repos/rnambis/SE17-group-O/issues/24,"{u'following_url': u'https://api.github.com/users/bhushan9/following{/other_user}', u'events_url': u'https://api.github.com/users/bhushan9/events{/privacy}', u'organizations_url': u'https://api.github.com/users/bhushan9/orgs', u'url': u'https://api.github.com/users/bhushan9', u'gists_url': u'https://api.github.com/users/bhushan9/gists{/gist_id}', u'html_url': u'https://github.com/bhushan9', u'subscriptions_url': u'https://api.github.com/users/bhushan9/subscriptions', u'avatar_url': u'https://avatars3.githubusercontent.com/u/7704900?v=3', u'repos_url': u'https://api.github.com/users/bhushan9/repos', u'received_events_url': u'https://api.github.com/users/bhushan9/received_events', u'gravatar_id': u'', u'starred_url': u'https://api.github.com/users/bhushan9/starred{/owner}{/repo}', u'site_admin': False, u'login': u'bhushan9', u'type': u'User', u'id': 7704900, u'followers_url': u'https://api.github.com/users/bhushan9/followers'}"
4,,[],,2017-03-13T04:20:45Z,0,https://api.github.com/repos/rnambis/SE17-group-O/issues/23/comments,2017-03-10T17:51:27Z,https://api.github.com/repos/rnambis/SE17-group-O/issues/23/events,https://github.com/rnambis/SE17-group-O/issues/23,213408121,"[{u'url': u'https://api.github.com/repos/rnambis/SE17-group-O/labels/feature', u'color': u'fbca04', u'default': False, u'id': 542491502, u'name': u'feature'}]",https://api.github.com/repos/rnambis/SE17-group-O/issues/23/labels{/name},False,,23,,https://api.github.com/repos/rnambis/SE17-group-O,closed,Need to add refresh button.,2017-03-13T04:20:45Z,https://api.github.com/repos/rnambis/SE17-group-O/issues/23,"{u'following_url': u'https://api.github.com/users/bhushan9/following{/other_user}', u'events_url': u'https://api.github.com/users/bhushan9/events{/privacy}', u'organizations_url': u'https://api.github.com/users/bhushan9/orgs', u'url': u'https://api.github.com/users/bhushan9', u'gists_url': u'https://api.github.com/users/bhushan9/gists{/gist_id}', u'html_url': u'https://github.com/bhushan9', u'subscriptions_url': u'https://api.github.com/users/bhushan9/subscriptions', u'avatar_url': u'https://avatars3.githubusercontent.com/u/7704900?v=3', u'repos_url': u'https://api.github.com/users/bhushan9/repos', u'received_events_url': u'https://api.github.com/users/bhushan9/received_events', u'gravatar_id': u'', u'starred_url': u'https://api.github.com/users/bhushan9/starred{/owner}{/repo}', u'site_admin': False, u'login': u'bhushan9', u'type': u'User', u'id': 7704900, u'followers_url': u'https://api.github.com/users/bhushan9/followers'}"
5,"{u'following_url': u'https://api.github.com/users/ZacheryThomas/following{/other_user}', u'events_url': u'https://api.github.com/users/ZacheryThomas/events{/privacy}', u'organizations_url': u'https://api.github.com/users/ZacheryThomas/orgs', u'url': u'https://api.github.com/users/ZacheryThomas', u'gists_url': u'https://api.github.com/users/ZacheryThomas/gists{/gist_id}', u'html_url': u'https://github.com/ZacheryThomas', u'subscriptions_url': u'https://api.github.com/users/ZacheryThomas/subscriptions', u'avatar_url': u'https://avatars2.githubusercontent.com/u/15793830?v=3', u'repos_url': u'https://api.github.com/users/ZacheryThomas/repos', u'received_events_url': u'https://api.github.com/users/ZacheryThomas/received_events', u'gravatar_id': u'', u'starred_url': u'https://api.github.com/users/ZacheryThomas/starred{/owner}{/repo}', u'site_admin': False, u'login': u'ZacheryThomas', u'type': u'User', u'id': 15793830, u'followers_url': u'https://api.github.com/users/ZacheryThomas/followers'}","[{u'following_url': u'https://api.github.com/users/ZacheryThomas/following{/other_user}', u'events_url': u'https://api.github.com/users/ZacheryThomas/events{/privacy}', u'organizations_url': u'https://api.github.com/users/ZacheryThomas/orgs', u'url': u'https://api.github.com/users/ZacheryThomas', u'gists_url': u'https://api.github.com/users/ZacheryThomas/gists{/gist_id}', u'html_url': u'https://github.com/ZacheryThomas', u'subscriptions_url': u'https://api.github.com/users/ZacheryThomas/subscriptions', u'avatar_url': u'https://avatars2.githubusercontent.com/u/15793830?v=3', u'repos_url': u'https://api.github.com/users/ZacheryThomas/repos', u'received_events_url': u'https://api.github.com/users/ZacheryThomas/received_events', u'gravatar_id': u'', u'starred_url': u'https://api.github.com/users/ZacheryThomas/starred{/owner}{/repo}', u'site_admin': False, u'login': u'ZacheryThomas', u'type': u'User', u'id': 15793830, u'followers_url': u'https://api.github.com/users/ZacheryThomas/followers'}]","Uncaught SyntaxError: missing ) after argument list  
",2017-03-31T17:24:55Z,1,https://api.github.com/repos/rnambis/SE17-group-O/issues/22/comments,2017-03-10T17:45:37Z,https://api.github.com/repos/rnambis/SE17-group-O/issues/22/events,https://github.com/rnambis/SE17-group-O/issues/22,213406731,"[{u'url': u'https://api.github.com/repos/rnambis/SE17-group-O/labels/bug', u'color': u'ee0701', u'default': True, u'id': 518369685, u'name': u'bug'}]",https://api.github.com/repos/rnambis/SE17-group-O/issues/22/labels{/name},False,,22,,https://api.github.com/repos/rnambis/SE17-group-O,closed,Responsive Voice Issue,2017-03-31T17:24:55Z,https://api.github.com/repos/rnambis/SE17-group-O/issues/22,"{u'following_url': u'https://api.github.com/users/bhushan9/following{/other_user}', u'events_url': u'https://api.github.com/users/bhushan9/events{/privacy}', u'organizations_url': u'https://api.github.com/users/bhushan9/orgs', u'url': u'https://api.github.com/users/bhushan9', u'gists_url': u'https://api.github.com/users/bhushan9/gists{/gist_id}', u'html_url': u'https://github.com/bhushan9', u'subscriptions_url': u'https://api.github.com/users/bhushan9/subscriptions', u'avatar_url': u'https://avatars3.githubusercontent.com/u/7704900?v=3', u'repos_url': u'https://api.github.com/users/bhushan9/repos', u'received_events_url': u'https://api.github.com/users/bhushan9/received_events', u'gravatar_id': u'', u'starred_url': u'https://api.github.com/users/bhushan9/starred{/owner}{/repo}', u'site_admin': False, u'login': u'bhushan9', u'type': u'User', u'id': 7704900, u'followers_url': u'https://api.github.com/users/bhushan9/followers'}"
6,,[],"mr thomas is committing much more than the rest. Do you need to talk about work balancing?

The written report mentions products without any samples. e.g. no web screenshots.

I look forward to seeing what you have running on all this, after the break",2017-03-18T15:15:59Z,0,https://api.github.com/repos/rnambis/SE17-group-O/issues/21/comments,2017-03-01T15:08:07Z,https://api.github.com/repos/rnambis/SE17-group-O/issues/21/events,https://github.com/rnambis/SE17-group-O/issues/21,211108567,[],https://api.github.com/repos/rnambis/SE17-group-O/issues/21/labels{/name},False,,21,,https://api.github.com/repos/rnambis/SE17-group-O,closed,interesting patterns in your work,2017-03-18T15:15:59Z,https://api.github.com/repos/rnambis/SE17-group-O/issues/21,"{u'following_url': u'https://api.github.com/users/timm/following{/other_user}', u'events_url': u'https://api.github.com/users/timm/events{/privacy}', u'organizations_url': u'https://api.github.com/users/timm/orgs', u'url': u'https://api.github.com/users/timm', u'gists_url': u'https://api.github.com/users/timm/gists{/gist_id}', u'html_url': u'https://github.com/timm', u'subscriptions_url': u'https://api.github.com/users/timm/subscriptions', u'avatar_url': u'https://avatars0.githubusercontent.com/u/29195?v=3', u'repos_url': u'https://api.github.com/users/timm/repos', u'received_events_url': u'https://api.github.com/users/timm/received_events', u'gravatar_id': u'', u'starred_url': u'https://api.github.com/users/timm/starred{/owner}{/repo}', u'site_admin': False, u'login': u'timm', u'type': u'User', u'id': 29195, u'followers_url': u'https://api.github.com/users/timm/followers'}"
7,,[],,2017-03-09T03:34:40Z,1,https://api.github.com/repos/rnambis/SE17-group-O/issues/20/comments,2017-02-23T17:26:06Z,https://api.github.com/repos/rnambis/SE17-group-O/issues/20/events,https://github.com/rnambis/SE17-group-O/issues/20,209829087,[],https://api.github.com/repos/rnambis/SE17-group-O/issues/20/labels{/name},False,,20,,https://api.github.com/repos/rnambis/SE17-group-O,closed,Automatic scrolling feature for the newsfeed if the newsfeed is overflowing,2017-03-09T03:34:40Z,https://api.github.com/repos/rnambis/SE17-group-O/issues/20,"{u'following_url': u'https://api.github.com/users/bhushan9/following{/other_user}', u'events_url': u'https://api.github.com/users/bhushan9/events{/privacy}', u'organizations_url': u'https://api.github.com/users/bhushan9/orgs', u'url': u'https://api.github.com/users/bhushan9', u'gists_url': u'https://api.github.com/users/bhushan9/gists{/gist_id}', u'html_url': u'https://github.com/bhushan9', u'subscriptions_url': u'https://api.github.com/users/bhushan9/subscriptions', u'avatar_url': u'https://avatars3.githubusercontent.com/u/7704900?v=3', u'repos_url': u'https://api.github.com/users/bhushan9/repos', u'received_events_url': u'https://api.github.com/users/bhushan9/received_events', u'gravatar_id': u'', u'starred_url': u'https://api.github.com/users/bhushan9/starred{/owner}{/repo}', u'site_admin': False, u'login': u'bhushan9', u'type': u'User', u'id': 7704900, u'followers_url': u'https://api.github.com/users/bhushan9/followers'}"
8,,[],,2017-03-10T05:25:35Z,1,https://api.github.com/repos/rnambis/SE17-group-O/issues/19/comments,2017-02-23T17:25:05Z,https://api.github.com/repos/rnambis/SE17-group-O/issues/19/events,https://github.com/rnambis/SE17-group-O/issues/19,209828806,[],https://api.github.com/repos/rnambis/SE17-group-O/issues/19/labels{/name},False,,19,,https://api.github.com/repos/rnambis/SE17-group-O,closed,Adding images to the newsfeed,2017-03-10T05:25:35Z,https://api.github.com/repos/rnambis/SE17-group-O/issues/19,"{u'following_url': u'https://api.github.com/users/bhushan9/following{/other_user}', u'events_url': u'https://api.github.com/users/bhushan9/events{/privacy}', u'organizations_url': u'https://api.github.com/users/bhushan9/orgs', u'url': u'https://api.github.com/users/bhushan9', u'gists_url': u'https://api.github.com/users/bhushan9/gists{/gist_id}', u'html_url': u'https://github.com/bhushan9', u'subscriptions_url': u'https://api.github.com/users/bhushan9/subscriptions', u'avatar_url': u'https://avatars3.githubusercontent.com/u/7704900?v=3', u'repos_url': u'https://api.github.com/users/bhushan9/repos', u'received_events_url': u'https://api.github.com/users/bhushan9/received_events', u'gravatar_id': u'', u'starred_url': u'https://api.github.com/users/bhushan9/starred{/owner}{/repo}', u'site_admin': False, u'login': u'bhushan9', u'type': u'User', u'id': 7704900, u'followers_url': u'https://api.github.com/users/bhushan9/followers'}"
9,"{u'following_url': u'https://api.github.com/users/ZacheryThomas/following{/other_user}', u'events_url': u'https://api.github.com/users/ZacheryThomas/events{/privacy}', u'organizations_url': u'https://api.github.com/users/ZacheryThomas/orgs', u'url': u'https://api.github.com/users/ZacheryThomas', u'gists_url': u'https://api.github.com/users/ZacheryThomas/gists{/gist_id}', u'html_url': u'https://github.com/ZacheryThomas', u'subscriptions_url': u'https://api.github.com/users/ZacheryThomas/subscriptions', u'avatar_url': u'https://avatars2.githubusercontent.com/u/15793830?v=3', u'repos_url': u'https://api.github.com/users/ZacheryThomas/repos', u'received_events_url': u'https://api.github.com/users/ZacheryThomas/received_events', u'gravatar_id': u'', u'starred_url': u'https://api.github.com/users/ZacheryThomas/starred{/owner}{/repo}', u'site_admin': False, u'login': u'ZacheryThomas', u'type': u'User', u'id': 15793830, u'followers_url': u'https://api.github.com/users/ZacheryThomas/followers'}","[{u'following_url': u'https://api.github.com/users/ZacheryThomas/following{/other_user}', u'events_url': u'https://api.github.com/users/ZacheryThomas/events{/privacy}', u'organizations_url': u'https://api.github.com/users/ZacheryThomas/orgs', u'url': u'https://api.github.com/users/ZacheryThomas', u'gists_url': u'https://api.github.com/users/ZacheryThomas/gists{/gist_id}', u'html_url': u'https://github.com/ZacheryThomas', u'subscriptions_url': u'https://api.github.com/users/ZacheryThomas/subscriptions', u'avatar_url': u'https://avatars2.githubusercontent.com/u/15793830?v=3', u'repos_url': u'https://api.github.com/users/ZacheryThomas/repos', u'received_events_url': u'https://api.github.com/users/ZacheryThomas/received_events', u'gravatar_id': u'', u'starred_url': u'https://api.github.com/users/ZacheryThomas/starred{/owner}{/repo}', u'site_admin': False, u'login': u'ZacheryThomas', u'type': u'User', u'id': 15793830, u'followers_url': u'https://api.github.com/users/ZacheryThomas/followers'}]",Limited character count for a Twitter post forces stories to be multiple tweets. Must figure out the best way to represent one story in multiple posts.,2017-03-31T17:38:10Z,0,https://api.github.com/repos/rnambis/SE17-group-O/issues/18/comments,2017-02-23T17:17:10Z,https://api.github.com/repos/rnambis/SE17-group-O/issues/18/events,https://github.com/rnambis/SE17-group-O/issues/18,209826577,"[{u'url': u'https://api.github.com/repos/rnambis/SE17-group-O/labels/enhancement', u'color': u'84b6eb', u'default': True, u'id': 518369687, u'name': u'enhancement'}]",https://api.github.com/repos/rnambis/SE17-group-O/issues/18/labels{/name},False,"{u'description': u'Need to use Twitter and Facebook APIs to post to respective pages. May also explore adding media (images, video) as well.', u'title': u'Explore feasibility of automatic posts to Twitter and Facebook page', u'url': u'https://api.github.com/repos/rnambis/SE17-group-O/milestones/5', u'labels_url': u'https://api.github.com/repos/rnambis/SE17-group-O/milestones/5/labels', u'created_at': u'2017-02-06T20:00:50Z', u'creator': {u'following_url': u'https://api.github.com/users/ZacheryThomas/following{/other_user}', u'events_url': u'https://api.github.com/users/ZacheryThomas/events{/privacy}', u'organizations_url': u'https://api.github.com/users/ZacheryThomas/orgs', u'url': u'https://api.github.com/users/ZacheryThomas', u'gists_url': u'https://api.github.com/users/ZacheryThomas/gists{/gist_id}', u'html_url': u'https://github.com/ZacheryThomas', u'subscriptions_url': u'https://api.github.com/users/ZacheryThomas/subscriptions', u'avatar_url': u'https://avatars2.githubusercontent.com/u/15793830?v=3', u'repos_url': u'https://api.github.com/users/ZacheryThomas/repos', u'received_events_url': u'https://api.github.com/users/ZacheryThomas/received_events', u'gravatar_id': u'', u'starred_url': u'https://api.github.com/users/ZacheryThomas/starred{/owner}{/repo}', u'site_admin': False, u'login': u'ZacheryThomas', u'type': u'User', u'id': 15793830, u'followers_url': u'https://api.github.com/users/ZacheryThomas/followers'}, u'number': 5, u'html_url': u'https://github.com/rnambis/SE17-group-O/milestone/5', u'updated_at': u'2017-04-11T21:40:58Z', u'due_on': u'2017-02-28T08:00:00Z', u'state': u'closed', u'closed_issues': 3, u'open_issues': 0, u'closed_at': u'2017-04-11T21:40:58Z', u'id': 2303921}",18,,https://api.github.com/repos/rnambis/SE17-group-O,closed,Better splitting of large news stories on Twitter.,2017-03-31T17:38:10Z,https://api.github.com/repos/rnambis/SE17-group-O/issues/18,"{u'following_url': u'https://api.github.com/users/ZacheryThomas/following{/other_user}', u'events_url': u'https://api.github.com/users/ZacheryThomas/events{/privacy}', u'organizations_url': u'https://api.github.com/users/ZacheryThomas/orgs', u'url': u'https://api.github.com/users/ZacheryThomas', u'gists_url': u'https://api.github.com/users/ZacheryThomas/gists{/gist_id}', u'html_url': u'https://github.com/ZacheryThomas', u'subscriptions_url': u'https://api.github.com/users/ZacheryThomas/subscriptions', u'avatar_url': u'https://avatars2.githubusercontent.com/u/15793830?v=3', u'repos_url': u'https://api.github.com/users/ZacheryThomas/repos', u'received_events_url': u'https://api.github.com/users/ZacheryThomas/received_events', u'gravatar_id': u'', u'starred_url': u'https://api.github.com/users/ZacheryThomas/starred{/owner}{/repo}', u'site_admin': False, u'login': u'ZacheryThomas', u'type': u'User', u'id': 15793830, u'followers_url': u'https://api.github.com/users/ZacheryThomas/followers'}"
10,,[],,2017-03-18T15:16:10Z,1,https://api.github.com/repos/rnambis/SE17-group-O/issues/17/comments,2017-02-23T17:15:47Z,https://api.github.com/repos/rnambis/SE17-group-O/issues/17/events,https://github.com/rnambis/SE17-group-O/issues/17,209826214,[],https://api.github.com/repos/rnambis/SE17-group-O/issues/17/labels{/name},False,,17,,https://api.github.com/repos/rnambis/SE17-group-O,closed,Uniform web page design across all webpages,2017-03-18T15:16:10Z,https://api.github.com/repos/rnambis/SE17-group-O/issues/17,"{u'following_url': u'https://api.github.com/users/bhushan9/following{/other_user}', u'events_url': u'https://api.github.com/users/bhushan9/events{/privacy}', u'organizations_url': u'https://api.github.com/users/bhushan9/orgs', u'url': u'https://api.github.com/users/bhushan9', u'gists_url': u'https://api.github.com/users/bhushan9/gists{/gist_id}', u'html_url': u'https://github.com/bhushan9', u'subscriptions_url': u'https://api.github.com/users/bhushan9/subscriptions', u'avatar_url': u'https://avatars3.githubusercontent.com/u/7704900?v=3', u'repos_url': u'https://api.github.com/users/bhushan9/repos', u'received_events_url': u'https://api.github.com/users/bhushan9/received_events', u'gravatar_id': u'', u'starred_url': u'https://api.github.com/users/bhushan9/starred{/owner}{/repo}', u'site_admin': False, u'login': u'bhushan9', u'type': u'User', u'id': 7704900, u'followers_url': u'https://api.github.com/users/bhushan9/followers'}"
11,"{u'following_url': u'https://api.github.com/users/ZacheryThomas/following{/other_user}', u'events_url': u'https://api.github.com/users/ZacheryThomas/events{/privacy}', u'organizations_url': u'https://api.github.com/users/ZacheryThomas/orgs', u'url': u'https://api.github.com/users/ZacheryThomas', u'gists_url': u'https://api.github.com/users/ZacheryThomas/gists{/gist_id}', u'html_url': u'https://github.com/ZacheryThomas', u'subscriptions_url': u'https://api.github.com/users/ZacheryThomas/subscriptions', u'avatar_url': u'https://avatars2.githubusercontent.com/u/15793830?v=3', u'repos_url': u'https://api.github.com/users/ZacheryThomas/repos', u'received_events_url': u'https://api.github.com/users/ZacheryThomas/received_events', u'gravatar_id': u'', u'starred_url': u'https://api.github.com/users/ZacheryThomas/starred{/owner}{/repo}', u'site_admin': False, u'login': u'ZacheryThomas', u'type': u'User', u'id': 15793830, u'followers_url': u'https://api.github.com/users/ZacheryThomas/followers'}","[{u'following_url': u'https://api.github.com/users/ZacheryThomas/following{/other_user}', u'events_url': u'https://api.github.com/users/ZacheryThomas/events{/privacy}', u'organizations_url': u'https://api.github.com/users/ZacheryThomas/orgs', u'url': u'https://api.github.com/users/ZacheryThomas', u'gists_url': u'https://api.github.com/users/ZacheryThomas/gists{/gist_id}', u'html_url': u'https://github.com/ZacheryThomas', u'subscriptions_url': u'https://api.github.com/users/ZacheryThomas/subscriptions', u'avatar_url': u'https://avatars2.githubusercontent.com/u/15793830?v=3', u'repos_url': u'https://api.github.com/users/ZacheryThomas/repos', u'received_events_url': u'https://api.github.com/users/ZacheryThomas/received_events', u'gravatar_id': u'', u'starred_url': u'https://api.github.com/users/ZacheryThomas/starred{/owner}{/repo}', u'site_admin': False, u'login': u'ZacheryThomas', u'type': u'User', u'id': 15793830, u'followers_url': u'https://api.github.com/users/ZacheryThomas/followers'}]",,2017-03-31T17:26:11Z,1,https://api.github.com/repos/rnambis/SE17-group-O/issues/16/comments,2017-02-23T17:14:28Z,https://api.github.com/repos/rnambis/SE17-group-O/issues/16/events,https://github.com/rnambis/SE17-group-O/issues/16,209825855,"[{u'url': u'https://api.github.com/repos/rnambis/SE17-group-O/labels/feature', u'color': u'fbca04', u'default': False, u'id': 542491502, u'name': u'feature'}]",https://api.github.com/repos/rnambis/SE17-group-O/issues/16/labels{/name},False,"{u'description': u'Get basic features up and running. Needs website that can handle periodic news updates.', u'title': u'Get Server Side framework up and running', u'url': u'https://api.github.com/repos/rnambis/SE17-group-O/milestones/4', u'labels_url': u'https://api.github.com/repos/rnambis/SE17-group-O/milestones/4/labels', u'created_at': u'2017-02-06T20:00:07Z', u'creator': {u'following_url': u'https://api.github.com/users/ZacheryThomas/following{/other_user}', u'events_url': u'https://api.github.com/users/ZacheryThomas/events{/privacy}', u'organizations_url': u'https://api.github.com/users/ZacheryThomas/orgs', u'url': u'https://api.github.com/users/ZacheryThomas', u'gists_url': u'https://api.github.com/users/ZacheryThomas/gists{/gist_id}', u'html_url': u'https://github.com/ZacheryThomas', u'subscriptions_url': u'https://api.github.com/users/ZacheryThomas/subscriptions', u'avatar_url': u'https://avatars2.githubusercontent.com/u/15793830?v=3', u'repos_url': u'https://api.github.com/users/ZacheryThomas/repos', u'received_events_url': u'https://api.github.com/users/ZacheryThomas/received_events', u'gravatar_id': u'', u'starred_url': u'https://api.github.com/users/ZacheryThomas/starred{/owner}{/repo}', u'site_admin': False, u'login': u'ZacheryThomas', u'type': u'User', u'id': 15793830, u'followers_url': u'https://api.github.com/users/ZacheryThomas/followers'}, u'number': 4, u'html_url': u'https://github.com/rnambis/SE17-group-O/milestone/4', u'updated_at': u'2017-04-11T21:40:55Z', u'due_on': u'2017-02-28T08:00:00Z', u'state': u'closed', u'closed_issues': 4, u'open_issues': 0, u'closed_at': u'2017-04-11T21:40:55Z', u'id': 2303919}",16,,https://api.github.com/repos/rnambis/SE17-group-O,closed,Prefetching the news article to improve the response time.,2017-03-31T17:26:11Z,https://api.github.com/repos/rnambis/SE17-group-O/issues/16,"{u'following_url': u'https://api.github.com/users/bhushan9/following{/other_user}', u'events_url': u'https://api.github.com/users/bhushan9/events{/privacy}', u'organizations_url': u'https://api.github.com/users/bhushan9/orgs', u'url': u'https://api.github.com/users/bhushan9', u'gists_url': u'https://api.github.com/users/bhushan9/gists{/gist_id}', u'html_url': u'https://github.com/bhushan9', u'subscriptions_url': u'https://api.github.com/users/bhushan9/subscriptions', u'avatar_url': u'https://avatars3.githubusercontent.com/u/7704900?v=3', u'repos_url': u'https://api.github.com/users/bhushan9/repos', u'received_events_url': u'https://api.github.com/users/bhushan9/received_events', u'gravatar_id': u'', u'starred_url': u'https://api.github.com/users/bhushan9/starred{/owner}{/repo}', u'site_admin': False, u'login': u'bhushan9', u'type': u'User', u'id': 7704900, u'followers_url': u'https://api.github.com/users/bhushan9/followers'}"
12,,[],,2017-03-18T15:17:21Z,0,https://api.github.com/repos/rnambis/SE17-group-O/issues/15/comments,2017-02-23T17:12:42Z,https://api.github.com/repos/rnambis/SE17-group-O/issues/15/events,https://github.com/rnambis/SE17-group-O/issues/15,209825401,[],https://api.github.com/repos/rnambis/SE17-group-O/issues/15/labels{/name},False,,15,,https://api.github.com/repos/rnambis/SE17-group-O,closed,Look into text-to-speech API for third implementation.,2017-03-18T15:17:21Z,https://api.github.com/repos/rnambis/SE17-group-O/issues/15,"{u'following_url': u'https://api.github.com/users/bhushan9/following{/other_user}', u'events_url': u'https://api.github.com/users/bhushan9/events{/privacy}', u'organizations_url': u'https://api.github.com/users/bhushan9/orgs', u'url': u'https://api.github.com/users/bhushan9', u'gists_url': u'https://api.github.com/users/bhushan9/gists{/gist_id}', u'html_url': u'https://github.com/bhushan9', u'subscriptions_url': u'https://api.github.com/users/bhushan9/subscriptions', u'avatar_url': u'https://avatars3.githubusercontent.com/u/7704900?v=3', u'repos_url': u'https://api.github.com/users/bhushan9/repos', u'received_events_url': u'https://api.github.com/users/bhushan9/received_events', u'gravatar_id': u'', u'starred_url': u'https://api.github.com/users/bhushan9/starred{/owner}{/repo}', u'site_admin': False, u'login': u'bhushan9', u'type': u'User', u'id': 7704900, u'followers_url': u'https://api.github.com/users/bhushan9/followers'}"
13,,[],,2017-02-23T17:20:04Z,1,https://api.github.com/repos/rnambis/SE17-group-O/issues/14/comments,2017-02-21T06:46:41Z,https://api.github.com/repos/rnambis/SE17-group-O/issues/14/events,https://github.com/rnambis/SE17-group-O/issues/14,209056316,"[{u'url': u'https://api.github.com/repos/rnambis/SE17-group-O/labels/help%20wanted', u'color': u'128A0C', u'default': True, u'id': 518369688, u'name': u'help wanted'}]",https://api.github.com/repos/rnambis/SE17-group-O/issues/14/labels{/name},False,,14,,https://api.github.com/repos/rnambis/SE17-group-O,closed,Display the news on the same page,2017-02-23T17:20:04Z,https://api.github.com/repos/rnambis/SE17-group-O/issues/14,"{u'following_url': u'https://api.github.com/users/bhushan9/following{/other_user}', u'events_url': u'https://api.github.com/users/bhushan9/events{/privacy}', u'organizations_url': u'https://api.github.com/users/bhushan9/orgs', u'url': u'https://api.github.com/users/bhushan9', u'gists_url': u'https://api.github.com/users/bhushan9/gists{/gist_id}', u'html_url': u'https://github.com/bhushan9', u'subscriptions_url': u'https://api.github.com/users/bhushan9/subscriptions', u'avatar_url': u'https://avatars3.githubusercontent.com/u/7704900?v=3', u'repos_url': u'https://api.github.com/users/bhushan9/repos', u'received_events_url': u'https://api.github.com/users/bhushan9/received_events', u'gravatar_id': u'', u'starred_url': u'https://api.github.com/users/bhushan9/starred{/owner}{/repo}', u'site_admin': False, u'login': u'bhushan9', u'type': u'User', u'id': 7704900, u'followers_url': u'https://api.github.com/users/bhushan9/followers'}"
14,"{u'following_url': u'https://api.github.com/users/ZacheryThomas/following{/other_user}', u'events_url': u'https://api.github.com/users/ZacheryThomas/events{/privacy}', u'organizations_url': u'https://api.github.com/users/ZacheryThomas/orgs', u'url': u'https://api.github.com/users/ZacheryThomas', u'gists_url': u'https://api.github.com/users/ZacheryThomas/gists{/gist_id}', u'html_url': u'https://github.com/ZacheryThomas', u'subscriptions_url': u'https://api.github.com/users/ZacheryThomas/subscriptions', u'avatar_url': u'https://avatars2.githubusercontent.com/u/15793830?v=3', u'repos_url': u'https://api.github.com/users/ZacheryThomas/repos', u'received_events_url': u'https://api.github.com/users/ZacheryThomas/received_events', u'gravatar_id': u'', u'starred_url': u'https://api.github.com/users/ZacheryThomas/starred{/owner}{/repo}', u'site_admin': False, u'login': u'ZacheryThomas', u'type': u'User', u'id': 15793830, u'followers_url': u'https://api.github.com/users/ZacheryThomas/followers'}","[{u'following_url': u'https://api.github.com/users/ZacheryThomas/following{/other_user}', u'events_url': u'https://api.github.com/users/ZacheryThomas/events{/privacy}', u'organizations_url': u'https://api.github.com/users/ZacheryThomas/orgs', u'url': u'https://api.github.com/users/ZacheryThomas', u'gists_url': u'https://api.github.com/users/ZacheryThomas/gists{/gist_id}', u'html_url': u'https://github.com/ZacheryThomas', u'subscriptions_url': u'https://api.github.com/users/ZacheryThomas/subscriptions', u'avatar_url': u'https://avatars2.githubusercontent.com/u/15793830?v=3', u'repos_url': u'https://api.github.com/users/ZacheryThomas/repos', u'received_events_url': u'https://api.github.com/users/ZacheryThomas/received_events', u'gravatar_id': u'', u'starred_url': u'https://api.github.com/users/ZacheryThomas/starred{/owner}{/repo}', u'site_admin': False, u'login': u'ZacheryThomas', u'type': u'User', u'id': 15793830, u'followers_url': u'https://api.github.com/users/ZacheryThomas/followers'}]",,2017-02-18T15:33:37Z,1,https://api.github.com/repos/rnambis/SE17-group-O/issues/13/comments,2017-02-18T15:32:14Z,https://api.github.com/repos/rnambis/SE17-group-O/issues/13/events,https://github.com/rnambis/SE17-group-O/issues/13,208648487,[],https://api.github.com/repos/rnambis/SE17-group-O/issues/13/labels{/name},False,"{u'description': u'Need to use Twitter and Facebook APIs to post to respective pages. May also explore adding media (images, video) as well.', u'title': u'Explore feasibility of automatic posts to Twitter and Facebook page', u'url': u'https://api.github.com/repos/rnambis/SE17-group-O/milestones/5', u'labels_url': u'https://api.github.com/repos/rnambis/SE17-group-O/milestones/5/labels', u'created_at': u'2017-02-06T20:00:50Z', u'creator': {u'following_url': u'https://api.github.com/users/ZacheryThomas/following{/other_user}', u'events_url': u'https://api.github.com/users/ZacheryThomas/events{/privacy}', u'organizations_url': u'https://api.github.com/users/ZacheryThomas/orgs', u'url': u'https://api.github.com/users/ZacheryThomas', u'gists_url': u'https://api.github.com/users/ZacheryThomas/gists{/gist_id}', u'html_url': u'https://github.com/ZacheryThomas', u'subscriptions_url': u'https://api.github.com/users/ZacheryThomas/subscriptions', u'avatar_url': u'https://avatars2.githubusercontent.com/u/15793830?v=3', u'repos_url': u'https://api.github.com/users/ZacheryThomas/repos', u'received_events_url': u'https://api.github.com/users/ZacheryThomas/received_events', u'gravatar_id': u'', u'starred_url': u'https://api.github.com/users/ZacheryThomas/starred{/owner}{/repo}', u'site_admin': False, u'login': u'ZacheryThomas', u'type': u'User', u'id': 15793830, u'followers_url': u'https://api.github.com/users/ZacheryThomas/followers'}, u'number': 5, u'html_url': u'https://github.com/rnambis/SE17-group-O/milestone/5', u'updated_at': u'2017-04-11T21:40:58Z', u'due_on': u'2017-02-28T08:00:00Z', u'state': u'closed', u'closed_issues': 3, u'open_issues': 0, u'closed_at': u'2017-04-11T21:40:58Z', u'id': 2303921}",13,,https://api.github.com/repos/rnambis/SE17-group-O,closed,Use Twitter API to post messages from Python script.,2017-02-18T15:33:37Z,https://api.github.com/repos/rnambis/SE17-group-O/issues/13,"{u'following_url': u'https://api.github.com/users/ZacheryThomas/following{/other_user}', u'events_url': u'https://api.github.com/users/ZacheryThomas/events{/privacy}', u'organizations_url': u'https://api.github.com/users/ZacheryThomas/orgs', u'url': u'https://api.github.com/users/ZacheryThomas', u'gists_url': u'https://api.github.com/users/ZacheryThomas/gists{/gist_id}', u'html_url': u'https://github.com/ZacheryThomas', u'subscriptions_url': u'https://api.github.com/users/ZacheryThomas/subscriptions', u'avatar_url': u'https://avatars2.githubusercontent.com/u/15793830?v=3', u'repos_url': u'https://api.github.com/users/ZacheryThomas/repos', u'received_events_url': u'https://api.github.com/users/ZacheryThomas/received_events', u'gravatar_id': u'', u'starred_url': u'https://api.github.com/users/ZacheryThomas/starred{/owner}{/repo}', u'site_admin': False, u'login': u'ZacheryThomas', u'type': u'User', u'id': 15793830, u'followers_url': u'https://api.github.com/users/ZacheryThomas/followers'}"
15,"{u'following_url': u'https://api.github.com/users/ZacheryThomas/following{/other_user}', u'events_url': u'https://api.github.com/users/ZacheryThomas/events{/privacy}', u'organizations_url': u'https://api.github.com/users/ZacheryThomas/orgs', u'url': u'https://api.github.com/users/ZacheryThomas', u'gists_url': u'https://api.github.com/users/ZacheryThomas/gists{/gist_id}', u'html_url': u'https://github.com/ZacheryThomas', u'subscriptions_url': u'https://api.github.com/users/ZacheryThomas/subscriptions', u'avatar_url': u'https://avatars2.githubusercontent.com/u/15793830?v=3', u'repos_url': u'https://api.github.com/users/ZacheryThomas/repos', u'received_events_url': u'https://api.github.com/users/ZacheryThomas/received_events', u'gravatar_id': u'', u'starred_url': u'https://api.github.com/users/ZacheryThomas/starred{/owner}{/repo}', u'site_admin': False, u'login': u'ZacheryThomas', u'type': u'User', u'id': 15793830, u'followers_url': u'https://api.github.com/users/ZacheryThomas/followers'}","[{u'following_url': u'https://api.github.com/users/ZacheryThomas/following{/other_user}', u'events_url': u'https://api.github.com/users/ZacheryThomas/events{/privacy}', u'organizations_url': u'https://api.github.com/users/ZacheryThomas/orgs', u'url': u'https://api.github.com/users/ZacheryThomas', u'gists_url': u'https://api.github.com/users/ZacheryThomas/gists{/gist_id}', u'html_url': u'https://github.com/ZacheryThomas', u'subscriptions_url': u'https://api.github.com/users/ZacheryThomas/subscriptions', u'avatar_url': u'https://avatars2.githubusercontent.com/u/15793830?v=3', u'repos_url': u'https://api.github.com/users/ZacheryThomas/repos', u'received_events_url': u'https://api.github.com/users/ZacheryThomas/received_events', u'gravatar_id': u'', u'starred_url': u'https://api.github.com/users/ZacheryThomas/starred{/owner}{/repo}', u'site_admin': False, u'login': u'ZacheryThomas', u'type': u'User', u'id': 15793830, u'followers_url': u'https://api.github.com/users/ZacheryThomas/followers'}]",,2017-02-08T21:45:58Z,1,https://api.github.com/repos/rnambis/SE17-group-O/issues/12/comments,2017-02-07T19:14:53Z,https://api.github.com/repos/rnambis/SE17-group-O/issues/12/events,https://github.com/rnambis/SE17-group-O/issues/12,205986150,[],https://api.github.com/repos/rnambis/SE17-group-O/issues/12/labels{/name},False,"{u'description': u'Need to use Twitter and Facebook APIs to post to respective pages. May also explore adding media (images, video) as well.', u'title': u'Explore feasibility of automatic posts to Twitter and Facebook page', u'url': u'https://api.github.com/repos/rnambis/SE17-group-O/milestones/5', u'labels_url': u'https://api.github.com/repos/rnambis/SE17-group-O/milestones/5/labels', u'created_at': u'2017-02-06T20:00:50Z', u'creator': {u'following_url': u'https://api.github.com/users/ZacheryThomas/following{/other_user}', u'events_url': u'https://api.github.com/users/ZacheryThomas/events{/privacy}', u'organizations_url': u'https://api.github.com/users/ZacheryThomas/orgs', u'url': u'https://api.github.com/users/ZacheryThomas', u'gists_url': u'https://api.github.com/users/ZacheryThomas/gists{/gist_id}', u'html_url': u'https://github.com/ZacheryThomas', u'subscriptions_url': u'https://api.github.com/users/ZacheryThomas/subscriptions', u'avatar_url': u'https://avatars2.githubusercontent.com/u/15793830?v=3', u'repos_url': u'https://api.github.com/users/ZacheryThomas/repos', u'received_events_url': u'https://api.github.com/users/ZacheryThomas/received_events', u'gravatar_id': u'', u'starred_url': u'https://api.github.com/users/ZacheryThomas/starred{/owner}{/repo}', u'site_admin': False, u'login': u'ZacheryThomas', u'type': u'User', u'id': 15793830, u'followers_url': u'https://api.github.com/users/ZacheryThomas/followers'}, u'number': 5, u'html_url': u'https://github.com/rnambis/SE17-group-O/milestone/5', u'updated_at': u'2017-04-11T21:40:58Z', u'due_on': u'2017-02-28T08:00:00Z', u'state': u'closed', u'closed_issues': 3, u'open_issues': 0, u'closed_at': u'2017-04-11T21:40:58Z', u'id': 2303921}",12,,https://api.github.com/repos/rnambis/SE17-group-O,closed,Publish text to Facebook Page using API,2017-02-08T21:45:58Z,https://api.github.com/repos/rnambis/SE17-group-O/issues/12,"{u'following_url': u'https://api.github.com/users/ZacheryThomas/following{/other_user}', u'events_url': u'https://api.github.com/users/ZacheryThomas/events{/privacy}', u'organizations_url': u'https://api.github.com/users/ZacheryThomas/orgs', u'url': u'https://api.github.com/users/ZacheryThomas', u'gists_url': u'https://api.github.com/users/ZacheryThomas/gists{/gist_id}', u'html_url': u'https://github.com/ZacheryThomas', u'subscriptions_url': u'https://api.github.com/users/ZacheryThomas/subscriptions', u'avatar_url': u'https://avatars2.githubusercontent.com/u/15793830?v=3', u'repos_url': u'https://api.github.com/users/ZacheryThomas/repos', u'received_events_url': u'https://api.github.com/users/ZacheryThomas/received_events', u'gravatar_id': u'', u'starred_url': u'https://api.github.com/users/ZacheryThomas/starred{/owner}{/repo}', u'site_admin': False, u'login': u'ZacheryThomas', u'type': u'User', u'id': 15793830, u'followers_url': u'https://api.github.com/users/ZacheryThomas/followers'}"
16,"{u'following_url': u'https://api.github.com/users/ZacheryThomas/following{/other_user}', u'events_url': u'https://api.github.com/users/ZacheryThomas/events{/privacy}', u'organizations_url': u'https://api.github.com/users/ZacheryThomas/orgs', u'url': u'https://api.github.com/users/ZacheryThomas', u'gists_url': u'https://api.github.com/users/ZacheryThomas/gists{/gist_id}', u'html_url': u'https://github.com/ZacheryThomas', u'subscriptions_url': u'https://api.github.com/users/ZacheryThomas/subscriptions', u'avatar_url': u'https://avatars2.githubusercontent.com/u/15793830?v=3', u'repos_url': u'https://api.github.com/users/ZacheryThomas/repos', u'received_events_url': u'https://api.github.com/users/ZacheryThomas/received_events', u'gravatar_id': u'', u'starred_url': u'https://api.github.com/users/ZacheryThomas/starred{/owner}{/repo}', u'site_admin': False, u'login': u'ZacheryThomas', u'type': u'User', u'id': 15793830, u'followers_url': u'https://api.github.com/users/ZacheryThomas/followers'}","[{u'following_url': u'https://api.github.com/users/ZacheryThomas/following{/other_user}', u'events_url': u'https://api.github.com/users/ZacheryThomas/events{/privacy}', u'organizations_url': u'https://api.github.com/users/ZacheryThomas/orgs', u'url': u'https://api.github.com/users/ZacheryThomas', u'gists_url': u'https://api.github.com/users/ZacheryThomas/gists{/gist_id}', u'html_url': u'https://github.com/ZacheryThomas', u'subscriptions_url': u'https://api.github.com/users/ZacheryThomas/subscriptions', u'avatar_url': u'https://avatars2.githubusercontent.com/u/15793830?v=3', u'repos_url': u'https://api.github.com/users/ZacheryThomas/repos', u'received_events_url': u'https://api.github.com/users/ZacheryThomas/received_events', u'gravatar_id': u'', u'starred_url': u'https://api.github.com/users/ZacheryThomas/starred{/owner}{/repo}', u'site_admin': False, u'login': u'ZacheryThomas', u'type': u'User', u'id': 15793830, u'followers_url': u'https://api.github.com/users/ZacheryThomas/followers'}]",,2017-02-23T17:14:27Z,0,https://api.github.com/repos/rnambis/SE17-group-O/issues/11/comments,2017-02-07T18:57:30Z,https://api.github.com/repos/rnambis/SE17-group-O/issues/11/events,https://github.com/rnambis/SE17-group-O/issues/11,205981729,"[{u'url': u'https://api.github.com/repos/rnambis/SE17-group-O/labels/feature', u'color': u'fbca04', u'default': False, u'id': 542491502, u'name': u'feature'}]",https://api.github.com/repos/rnambis/SE17-group-O/issues/11/labels{/name},False,"{u'description': u'Get basic features up and running. Needs website that can handle periodic news updates.', u'title': u'Get Server Side framework up and running', u'url': u'https://api.github.com/repos/rnambis/SE17-group-O/milestones/4', u'labels_url': u'https://api.github.com/repos/rnambis/SE17-group-O/milestones/4/labels', u'created_at': u'2017-02-06T20:00:07Z', u'creator': {u'following_url': u'https://api.github.com/users/ZacheryThomas/following{/other_user}', u'events_url': u'https://api.github.com/users/ZacheryThomas/events{/privacy}', u'organizations_url': u'https://api.github.com/users/ZacheryThomas/orgs', u'url': u'https://api.github.com/users/ZacheryThomas', u'gists_url': u'https://api.github.com/users/ZacheryThomas/gists{/gist_id}', u'html_url': u'https://github.com/ZacheryThomas', u'subscriptions_url': u'https://api.github.com/users/ZacheryThomas/subscriptions', u'avatar_url': u'https://avatars2.githubusercontent.com/u/15793830?v=3', u'repos_url': u'https://api.github.com/users/ZacheryThomas/repos', u'received_events_url': u'https://api.github.com/users/ZacheryThomas/received_events', u'gravatar_id': u'', u'starred_url': u'https://api.github.com/users/ZacheryThomas/starred{/owner}{/repo}', u'site_admin': False, u'login': u'ZacheryThomas', u'type': u'User', u'id': 15793830, u'followers_url': u'https://api.github.com/users/ZacheryThomas/followers'}, u'number': 4, u'html_url': u'https://github.com/rnambis/SE17-group-O/milestone/4', u'updated_at': u'2017-04-11T21:40:55Z', u'due_on': u'2017-02-28T08:00:00Z', u'state': u'closed', u'closed_issues': 4, u'open_issues': 0, u'closed_at': u'2017-04-11T21:40:55Z', u'id': 2303919}",11,,https://api.github.com/repos/rnambis/SE17-group-O,closed,Use Python News API to summarize an article,2017-02-23T17:14:27Z,https://api.github.com/repos/rnambis/SE17-group-O/issues/11,"{u'following_url': u'https://api.github.com/users/ZacheryThomas/following{/other_user}', u'events_url': u'https://api.github.com/users/ZacheryThomas/events{/privacy}', u'organizations_url': u'https://api.github.com/users/ZacheryThomas/orgs', u'url': u'https://api.github.com/users/ZacheryThomas', u'gists_url': u'https://api.github.com/users/ZacheryThomas/gists{/gist_id}', u'html_url': u'https://github.com/ZacheryThomas', u'subscriptions_url': u'https://api.github.com/users/ZacheryThomas/subscriptions', u'avatar_url': u'https://avatars2.githubusercontent.com/u/15793830?v=3', u'repos_url': u'https://api.github.com/users/ZacheryThomas/repos', u'received_events_url': u'https://api.github.com/users/ZacheryThomas/received_events', u'gravatar_id': u'', u'starred_url': u'https://api.github.com/users/ZacheryThomas/starred{/owner}{/repo}', u'site_admin': False, u'login': u'ZacheryThomas', u'type': u'User', u'id': 15793830, u'followers_url': u'https://api.github.com/users/ZacheryThomas/followers'}"
17,"{u'following_url': u'https://api.github.com/users/rnambis/following{/other_user}', u'events_url': u'https://api.github.com/users/rnambis/events{/privacy}', u'organizations_url': u'https://api.github.com/users/rnambis/orgs', u'url': u'https://api.github.com/users/rnambis', u'gists_url': u'https://api.github.com/users/rnambis/gists{/gist_id}', u'html_url': u'https://github.com/rnambis', u'subscriptions_url': u'https://api.github.com/users/rnambis/subscriptions', u'avatar_url': u'https://avatars3.githubusercontent.com/u/21146884?v=3', u'repos_url': u'https://api.github.com/users/rnambis/repos', u'received_events_url': u'https://api.github.com/users/rnambis/received_events', u'gravatar_id': u'', u'starred_url': u'https://api.github.com/users/rnambis/starred{/owner}{/repo}', u'site_admin': False, u'login': u'rnambis', u'type': u'User', u'id': 21146884, u'followers_url': u'https://api.github.com/users/rnambis/followers'}","[{u'following_url': u'https://api.github.com/users/rnambis/following{/other_user}', u'events_url': u'https://api.github.com/users/rnambis/events{/privacy}', u'organizations_url': u'https://api.github.com/users/rnambis/orgs', u'url': u'https://api.github.com/users/rnambis', u'gists_url': u'https://api.github.com/users/rnambis/gists{/gist_id}', u'html_url': u'https://github.com/rnambis', u'subscriptions_url': u'https://api.github.com/users/rnambis/subscriptions', u'avatar_url': u'https://avatars3.githubusercontent.com/u/21146884?v=3', u'repos_url': u'https://api.github.com/users/rnambis/repos', u'received_events_url': u'https://api.github.com/users/rnambis/received_events', u'gravatar_id': u'', u'starred_url': u'https://api.github.com/users/rnambis/starred{/owner}{/repo}', u'site_admin': False, u'login': u'rnambis', u'type': u'User', u'id': 21146884, u'followers_url': u'https://api.github.com/users/rnambis/followers'}]",,2017-02-23T17:18:34Z,0,https://api.github.com/repos/rnambis/SE17-group-O/issues/10/comments,2017-02-07T18:56:37Z,https://api.github.com/repos/rnambis/SE17-group-O/issues/10/events,https://github.com/rnambis/SE17-group-O/issues/10,205981505,[],https://api.github.com/repos/rnambis/SE17-group-O/issues/10/labels{/name},False,"{u'description': u'Get basic features up and running. Needs website that can handle periodic news updates.', u'title': u'Get Server Side framework up and running', u'url': u'https://api.github.com/repos/rnambis/SE17-group-O/milestones/4', u'labels_url': u'https://api.github.com/repos/rnambis/SE17-group-O/milestones/4/labels', u'created_at': u'2017-02-06T20:00:07Z', u'creator': {u'following_url': u'https://api.github.com/users/ZacheryThomas/following{/other_user}', u'events_url': u'https://api.github.com/users/ZacheryThomas/events{/privacy}', u'organizations_url': u'https://api.github.com/users/ZacheryThomas/orgs', u'url': u'https://api.github.com/users/ZacheryThomas', u'gists_url': u'https://api.github.com/users/ZacheryThomas/gists{/gist_id}', u'html_url': u'https://github.com/ZacheryThomas', u'subscriptions_url': u'https://api.github.com/users/ZacheryThomas/subscriptions', u'avatar_url': u'https://avatars2.githubusercontent.com/u/15793830?v=3', u'repos_url': u'https://api.github.com/users/ZacheryThomas/repos', u'received_events_url': u'https://api.github.com/users/ZacheryThomas/received_events', u'gravatar_id': u'', u'starred_url': u'https://api.github.com/users/ZacheryThomas/starred{/owner}{/repo}', u'site_admin': False, u'login': u'ZacheryThomas', u'type': u'User', u'id': 15793830, u'followers_url': u'https://api.github.com/users/ZacheryThomas/followers'}, u'number': 4, u'html_url': u'https://github.com/rnambis/SE17-group-O/milestone/4', u'updated_at': u'2017-04-11T21:40:55Z', u'due_on': u'2017-02-28T08:00:00Z', u'state': u'closed', u'closed_issues': 4, u'open_issues': 0, u'closed_at': u'2017-04-11T21:40:55Z', u'id': 2303919}",10,,https://api.github.com/repos/rnambis/SE17-group-O,closed,Create Flask App with Login,2017-02-23T17:18:34Z,https://api.github.com/repos/rnambis/SE17-group-O/issues/10,"{u'following_url': u'https://api.github.com/users/ZacheryThomas/following{/other_user}', u'events_url': u'https://api.github.com/users/ZacheryThomas/events{/privacy}', u'organizations_url': u'https://api.github.com/users/ZacheryThomas/orgs', u'url': u'https://api.github.com/users/ZacheryThomas', u'gists_url': u'https://api.github.com/users/ZacheryThomas/gists{/gist_id}', u'html_url': u'https://github.com/ZacheryThomas', u'subscriptions_url': u'https://api.github.com/users/ZacheryThomas/subscriptions', u'avatar_url': u'https://avatars2.githubusercontent.com/u/15793830?v=3', u'repos_url': u'https://api.github.com/users/ZacheryThomas/repos', u'received_events_url': u'https://api.github.com/users/ZacheryThomas/received_events', u'gravatar_id': u'', u'starred_url': u'https://api.github.com/users/ZacheryThomas/starred{/owner}{/repo}', u'site_admin': False, u'login': u'ZacheryThomas', u'type': u'User', u'id': 15793830, u'followers_url': u'https://api.github.com/users/ZacheryThomas/followers'}"
18,,[],,2017-02-21T06:47:01Z,1,https://api.github.com/repos/rnambis/SE17-group-O/issues/9/comments,2017-02-07T18:37:36Z,https://api.github.com/repos/rnambis/SE17-group-O/issues/9/events,https://github.com/rnambis/SE17-group-O/issues/9,205976689,[],https://api.github.com/repos/rnambis/SE17-group-O/issues/9/labels{/name},False,"{u'description': u'Get basic features up and running. Needs website that can handle periodic news updates.', u'title': u'Get Server Side framework up and running', u'url': u'https://api.github.com/repos/rnambis/SE17-group-O/milestones/4', u'labels_url': u'https://api.github.com/repos/rnambis/SE17-group-O/milestones/4/labels', u'created_at': u'2017-02-06T20:00:07Z', u'creator': {u'following_url': u'https://api.github.com/users/ZacheryThomas/following{/other_user}', u'events_url': u'https://api.github.com/users/ZacheryThomas/events{/privacy}', u'organizations_url': u'https://api.github.com/users/ZacheryThomas/orgs', u'url': u'https://api.github.com/users/ZacheryThomas', u'gists_url': u'https://api.github.com/users/ZacheryThomas/gists{/gist_id}', u'html_url': u'https://github.com/ZacheryThomas', u'subscriptions_url': u'https://api.github.com/users/ZacheryThomas/subscriptions', u'avatar_url': u'https://avatars2.githubusercontent.com/u/15793830?v=3', u'repos_url': u'https://api.github.com/users/ZacheryThomas/repos', u'received_events_url': u'https://api.github.com/users/ZacheryThomas/received_events', u'gravatar_id': u'', u'starred_url': u'https://api.github.com/users/ZacheryThomas/starred{/owner}{/repo}', u'site_admin': False, u'login': u'ZacheryThomas', u'type': u'User', u'id': 15793830, u'followers_url': u'https://api.github.com/users/ZacheryThomas/followers'}, u'number': 4, u'html_url': u'https://github.com/rnambis/SE17-group-O/milestone/4', u'updated_at': u'2017-04-11T21:40:55Z', u'due_on': u'2017-02-28T08:00:00Z', u'state': u'closed', u'closed_issues': 4, u'open_issues': 0, u'closed_at': u'2017-04-11T21:40:55Z', u'id': 2303919}",9,,https://api.github.com/repos/rnambis/SE17-group-O,closed,Brainstorming for project implementation methodology,2017-02-21T06:47:01Z,https://api.github.com/repos/rnambis/SE17-group-O/issues/9,"{u'following_url': u'https://api.github.com/users/bhushan9/following{/other_user}', u'events_url': u'https://api.github.com/users/bhushan9/events{/privacy}', u'organizations_url': u'https://api.github.com/users/bhushan9/orgs', u'url': u'https://api.github.com/users/bhushan9', u'gists_url': u'https://api.github.com/users/bhushan9/gists{/gist_id}', u'html_url': u'https://github.com/bhushan9', u'subscriptions_url': u'https://api.github.com/users/bhushan9/subscriptions', u'avatar_url': u'https://avatars3.githubusercontent.com/u/7704900?v=3', u'repos_url': u'https://api.github.com/users/bhushan9/repos', u'received_events_url': u'https://api.github.com/users/bhushan9/received_events', u'gravatar_id': u'', u'starred_url': u'https://api.github.com/users/bhushan9/starred{/owner}{/repo}', u'site_admin': False, u'login': u'bhushan9', u'type': u'User', u'id': 7704900, u'followers_url': u'https://api.github.com/users/bhushan9/followers'}"
19,,[],"Stats on news viewership
http://www.journalism.org/files/legacy/NIELSEN%20STUDY%20-%20Copy.pdf

Economics of online news?
http://journals.sagepub.com/doi/pdf/10.1177/107769900908600309",2017-02-07T18:34:01Z,0,https://api.github.com/repos/rnambis/SE17-group-O/issues/8/comments,2017-01-27T19:29:22Z,https://api.github.com/repos/rnambis/SE17-group-O/issues/8/events,https://github.com/rnambis/SE17-group-O/issues/8,203719521,[],https://api.github.com/repos/rnambis/SE17-group-O/issues/8/labels{/name},False,,8,,https://api.github.com/repos/rnambis/SE17-group-O,closed,Possible Papers,2017-02-07T18:34:01Z,https://api.github.com/repos/rnambis/SE17-group-O/issues/8,"{u'following_url': u'https://api.github.com/users/ZacheryThomas/following{/other_user}', u'events_url': u'https://api.github.com/users/ZacheryThomas/events{/privacy}', u'organizations_url': u'https://api.github.com/users/ZacheryThomas/orgs', u'url': u'https://api.github.com/users/ZacheryThomas', u'gists_url': u'https://api.github.com/users/ZacheryThomas/gists{/gist_id}', u'html_url': u'https://github.com/ZacheryThomas', u'subscriptions_url': u'https://api.github.com/users/ZacheryThomas/subscriptions', u'avatar_url': u'https://avatars2.githubusercontent.com/u/15793830?v=3', u'repos_url': u'https://api.github.com/users/ZacheryThomas/repos', u'received_events_url': u'https://api.github.com/users/ZacheryThomas/received_events', u'gravatar_id': u'', u'starred_url': u'https://api.github.com/users/ZacheryThomas/starred{/owner}{/repo}', u'site_admin': False, u'login': u'ZacheryThomas', u'type': u'User', u'id': 15793830, u'followers_url': u'https://api.github.com/users/ZacheryThomas/followers'}"
20,,[],"Ask the user to go over 2 set of news applications. One with summarized news ie flipboard and other news app such as bbc or nytimes. Ask them which one do they prefer and why.

",2017-02-07T18:34:13Z,1,https://api.github.com/repos/rnambis/SE17-group-O/issues/7/comments,2017-01-23T19:40:14Z,https://api.github.com/repos/rnambis/SE17-group-O/issues/7/events,https://github.com/rnambis/SE17-group-O/issues/7,202630344,"[{u'url': u'https://api.github.com/repos/rnambis/SE17-group-O/labels/meeting', u'color': u'5319e7', u'default': False, u'id': 542491389, u'name': u'meeting'}]",https://api.github.com/repos/rnambis/SE17-group-O/issues/7/labels{/name},False,,7,,https://api.github.com/repos/rnambis/SE17-group-O,closed,1/23/17 Personal Interviews Ideas,2017-02-18T15:38:26Z,https://api.github.com/repos/rnambis/SE17-group-O/issues/7,"{u'following_url': u'https://api.github.com/users/bhushan9/following{/other_user}', u'events_url': u'https://api.github.com/users/bhushan9/events{/privacy}', u'organizations_url': u'https://api.github.com/users/bhushan9/orgs', u'url': u'https://api.github.com/users/bhushan9', u'gists_url': u'https://api.github.com/users/bhushan9/gists{/gist_id}', u'html_url': u'https://github.com/bhushan9', u'subscriptions_url': u'https://api.github.com/users/bhushan9/subscriptions', u'avatar_url': u'https://avatars3.githubusercontent.com/u/7704900?v=3', u'repos_url': u'https://api.github.com/users/bhushan9/repos', u'received_events_url': u'https://api.github.com/users/bhushan9/received_events', u'gravatar_id': u'', u'starred_url': u'https://api.github.com/users/bhushan9/starred{/owner}{/repo}', u'site_admin': False, u'login': u'bhushan9', u'type': u'User', u'id': 7704900, u'followers_url': u'https://api.github.com/users/bhushan9/followers'}"
21,,[],"Put up the questionnaire online
Discuss what needs to be written in the report
",2017-02-07T18:34:07Z,0,https://api.github.com/repos/rnambis/SE17-group-O/issues/6/comments,2017-01-23T19:21:44Z,https://api.github.com/repos/rnambis/SE17-group-O/issues/6/events,https://github.com/rnambis/SE17-group-O/issues/6,202625833,"[{u'url': u'https://api.github.com/repos/rnambis/SE17-group-O/labels/meeting', u'color': u'5319e7', u'default': False, u'id': 542491389, u'name': u'meeting'}]",https://api.github.com/repos/rnambis/SE17-group-O/issues/6/labels{/name},False,,6,,https://api.github.com/repos/rnambis/SE17-group-O,closed,1/23/17 Meeting Minutes,2017-02-18T15:37:59Z,https://api.github.com/repos/rnambis/SE17-group-O/issues/6,"{u'following_url': u'https://api.github.com/users/bhushan9/following{/other_user}', u'events_url': u'https://api.github.com/users/bhushan9/events{/privacy}', u'organizations_url': u'https://api.github.com/users/bhushan9/orgs', u'url': u'https://api.github.com/users/bhushan9', u'gists_url': u'https://api.github.com/users/bhushan9/gists{/gist_id}', u'html_url': u'https://github.com/bhushan9', u'subscriptions_url': u'https://api.github.com/users/bhushan9/subscriptions', u'avatar_url': u'https://avatars3.githubusercontent.com/u/7704900?v=3', u'repos_url': u'https://api.github.com/users/bhushan9/repos', u'received_events_url': u'https://api.github.com/users/bhushan9/received_events', u'gravatar_id': u'', u'starred_url': u'https://api.github.com/users/bhushan9/starred{/owner}{/repo}', u'site_admin': False, u'login': u'bhushan9', u'type': u'User', u'id': 7704900, u'followers_url': u'https://api.github.com/users/bhushan9/followers'}"
22,,[],"What we did:
* Discuss Papers
* Discuss Jan Report
 
Whats next:
* Pass out survey
* Group evaluations ('chit' system or w/e)
* Begin writing report",2017-02-07T18:32:32Z,0,https://api.github.com/repos/rnambis/SE17-group-O/issues/5/comments,2017-01-21T17:22:04Z,https://api.github.com/repos/rnambis/SE17-group-O/issues/5/events,https://github.com/rnambis/SE17-group-O/issues/5,202327917,"[{u'url': u'https://api.github.com/repos/rnambis/SE17-group-O/labels/meeting', u'color': u'5319e7', u'default': False, u'id': 542491389, u'name': u'meeting'}]",https://api.github.com/repos/rnambis/SE17-group-O/issues/5/labels{/name},False,,5,,https://api.github.com/repos/rnambis/SE17-group-O,closed,1/21/17 Meeting Minutes,2017-02-18T15:42:03Z,https://api.github.com/repos/rnambis/SE17-group-O/issues/5,"{u'following_url': u'https://api.github.com/users/ZacheryThomas/following{/other_user}', u'events_url': u'https://api.github.com/users/ZacheryThomas/events{/privacy}', u'organizations_url': u'https://api.github.com/users/ZacheryThomas/orgs', u'url': u'https://api.github.com/users/ZacheryThomas', u'gists_url': u'https://api.github.com/users/ZacheryThomas/gists{/gist_id}', u'html_url': u'https://github.com/ZacheryThomas', u'subscriptions_url': u'https://api.github.com/users/ZacheryThomas/subscriptions', u'avatar_url': u'https://avatars2.githubusercontent.com/u/15793830?v=3', u'repos_url': u'https://api.github.com/users/ZacheryThomas/repos', u'received_events_url': u'https://api.github.com/users/ZacheryThomas/received_events', u'gravatar_id': u'', u'starred_url': u'https://api.github.com/users/ZacheryThomas/starred{/owner}{/repo}', u'site_admin': False, u'login': u'ZacheryThomas', u'type': u'User', u'id': 15793830, u'followers_url': u'https://api.github.com/users/ZacheryThomas/followers'}"
23,"{u'following_url': u'https://api.github.com/users/timm/following{/other_user}', u'events_url': u'https://api.github.com/users/timm/events{/privacy}', u'organizations_url': u'https://api.github.com/users/timm/orgs', u'url': u'https://api.github.com/users/timm', u'gists_url': u'https://api.github.com/users/timm/gists{/gist_id}', u'html_url': u'https://github.com/timm', u'subscriptions_url': u'https://api.github.com/users/timm/subscriptions', u'avatar_url': u'https://avatars0.githubusercontent.com/u/29195?v=3', u'repos_url': u'https://api.github.com/users/timm/repos', u'received_events_url': u'https://api.github.com/users/timm/received_events', u'gravatar_id': u'', u'starred_url': u'https://api.github.com/users/timm/starred{/owner}{/repo}', u'site_admin': False, u'login': u'timm', u'type': u'User', u'id': 29195, u'followers_url': u'https://api.github.com/users/timm/followers'}","[{u'following_url': u'https://api.github.com/users/timm/following{/other_user}', u'events_url': u'https://api.github.com/users/timm/events{/privacy}', u'organizations_url': u'https://api.github.com/users/timm/orgs', u'url': u'https://api.github.com/users/timm', u'gists_url': u'https://api.github.com/users/timm/gists{/gist_id}', u'html_url': u'https://github.com/timm', u'subscriptions_url': u'https://api.github.com/users/timm/subscriptions', u'avatar_url': u'https://avatars0.githubusercontent.com/u/29195?v=3', u'repos_url': u'https://api.github.com/users/timm/repos', u'received_events_url': u'https://api.github.com/users/timm/received_events', u'gravatar_id': u'', u'starred_url': u'https://api.github.com/users/timm/starred{/owner}{/repo}', u'site_admin': False, u'login': u'timm', u'type': u'User', u'id': 29195, u'followers_url': u'https://api.github.com/users/timm/followers'}]","A low bandwidth news app where a user can choose his preferences of news. We have a designed three solutions for the same,

1. Web Application: We are planning to create a web application in Python flask that allows the user to create an account and view latest news according to his preferences.

2. A news reader: A text-to-speech generator that can read the news to the user.

3. A text-based news delivery system: News delivered in the form of text message, particularly targeted in users with limited Internet  accessibility.

References:
1. Personalized news recommendation based on click behavior :  http://dl.acm.org/citation.cfm?id=1719976
2. A contextual-bandit approach to personalized news article recommendation : http://dl.acm.org/citation.cfm?id=1772758
3. Multilingual Information Retrieval and Smart News Feed Based on Big Data : http://ieeexplore.ieee.org/document/7396613/?reload=true&arnumber=7396613&tag=1
4. Personalized news retrieval system : https://www.google.com/patents/US20050028194 
5. An adaptive personalized news dissemination system : http://link.springer.com/article/10.1007/s10844-008-0053-8",2017-02-07T18:34:16Z,0,https://api.github.com/repos/rnambis/SE17-group-O/issues/4/comments,2017-01-18T20:08:13Z,https://api.github.com/repos/rnambis/SE17-group-O/issues/4/events,https://github.com/rnambis/SE17-group-O/issues/4,201679014,[],https://api.github.com/repos/rnambis/SE17-group-O/issues/4/labels{/name},False,,4,,https://api.github.com/repos/rnambis/SE17-group-O,closed,Personalized News Feed,2017-02-07T18:34:16Z,https://api.github.com/repos/rnambis/SE17-group-O/issues/4,"{u'following_url': u'https://api.github.com/users/rnambis/following{/other_user}', u'events_url': u'https://api.github.com/users/rnambis/events{/privacy}', u'organizations_url': u'https://api.github.com/users/rnambis/orgs', u'url': u'https://api.github.com/users/rnambis', u'gists_url': u'https://api.github.com/users/rnambis/gists{/gist_id}', u'html_url': u'https://github.com/rnambis', u'subscriptions_url': u'https://api.github.com/users/rnambis/subscriptions', u'avatar_url': u'https://avatars3.githubusercontent.com/u/21146884?v=3', u'repos_url': u'https://api.github.com/users/rnambis/repos', u'received_events_url': u'https://api.github.com/users/rnambis/received_events', u'gravatar_id': u'', u'starred_url': u'https://api.github.com/users/rnambis/starred{/owner}{/repo}', u'site_admin': False, u'login': u'rnambis', u'type': u'User', u'id': 21146884, u'followers_url': u'https://api.github.com/users/rnambis/followers'}"
24,,[],,2017-02-07T18:32:23Z,1,https://api.github.com/repos/rnambis/SE17-group-O/issues/3/comments,2017-01-18T19:06:28Z,https://api.github.com/repos/rnambis/SE17-group-O/issues/3/events,https://github.com/rnambis/SE17-group-O/issues/3,201663742,[],https://api.github.com/repos/rnambis/SE17-group-O/issues/3/labels{/name},False,,3,,https://api.github.com/repos/rnambis/SE17-group-O,closed,Three different solutions,2017-02-07T18:32:23Z,https://api.github.com/repos/rnambis/SE17-group-O/issues/3,"{u'following_url': u'https://api.github.com/users/bhushan9/following{/other_user}', u'events_url': u'https://api.github.com/users/bhushan9/events{/privacy}', u'organizations_url': u'https://api.github.com/users/bhushan9/orgs', u'url': u'https://api.github.com/users/bhushan9', u'gists_url': u'https://api.github.com/users/bhushan9/gists{/gist_id}', u'html_url': u'https://github.com/bhushan9', u'subscriptions_url': u'https://api.github.com/users/bhushan9/subscriptions', u'avatar_url': u'https://avatars3.githubusercontent.com/u/7704900?v=3', u'repos_url': u'https://api.github.com/users/bhushan9/repos', u'received_events_url': u'https://api.github.com/users/bhushan9/received_events', u'gravatar_id': u'', u'starred_url': u'https://api.github.com/users/bhushan9/starred{/owner}{/repo}', u'site_admin': False, u'login': u'bhushan9', u'type': u'User', u'id': 7704900, u'followers_url': u'https://api.github.com/users/bhushan9/followers'}"
25,,[],,2017-02-07T18:34:26Z,1,https://api.github.com/repos/rnambis/SE17-group-O/issues/2/comments,2017-01-18T18:38:26Z,https://api.github.com/repos/rnambis/SE17-group-O/issues/2/events,https://github.com/rnambis/SE17-group-O/issues/2,201657223,[],https://api.github.com/repos/rnambis/SE17-group-O/issues/2/labels{/name},False,,2,,https://api.github.com/repos/rnambis/SE17-group-O,closed,Two way text based communication problem between mobile and web server,2017-02-07T18:34:26Z,https://api.github.com/repos/rnambis/SE17-group-O/issues/2,"{u'following_url': u'https://api.github.com/users/bhushan9/following{/other_user}', u'events_url': u'https://api.github.com/users/bhushan9/events{/privacy}', u'organizations_url': u'https://api.github.com/users/bhushan9/orgs', u'url': u'https://api.github.com/users/bhushan9', u'gists_url': u'https://api.github.com/users/bhushan9/gists{/gist_id}', u'html_url': u'https://github.com/bhushan9', u'subscriptions_url': u'https://api.github.com/users/bhushan9/subscriptions', u'avatar_url': u'https://avatars3.githubusercontent.com/u/7704900?v=3', u'repos_url': u'https://api.github.com/users/bhushan9/repos', u'received_events_url': u'https://api.github.com/users/bhushan9/received_events', u'gravatar_id': u'', u'starred_url': u'https://api.github.com/users/bhushan9/starred{/owner}{/repo}', u'site_admin': False, u'login': u'bhushan9', u'type': u'User', u'id': 7704900, u'followers_url': u'https://api.github.com/users/bhushan9/followers'}"
26,,[],,2017-02-07T18:32:08Z,0,https://api.github.com/repos/rnambis/SE17-group-O/issues/1/comments,2017-01-18T18:35:54Z,https://api.github.com/repos/rnambis/SE17-group-O/issues/1/events,https://github.com/rnambis/SE17-group-O/issues/1,201656623,[],https://api.github.com/repos/rnambis/SE17-group-O/issues/1/labels{/name},False,,1,,https://api.github.com/repos/rnambis/SE17-group-O,closed,News API which automatically categorizes the news articles,2017-02-07T18:32:08Z,https://api.github.com/repos/rnambis/SE17-group-O/issues/1,"{u'following_url': u'https://api.github.com/users/bhushan9/following{/other_user}', u'events_url': u'https://api.github.com/users/bhushan9/events{/privacy}', u'organizations_url': u'https://api.github.com/users/bhushan9/orgs', u'url': u'https://api.github.com/users/bhushan9', u'gists_url': u'https://api.github.com/users/bhushan9/gists{/gist_id}', u'html_url': u'https://github.com/bhushan9', u'subscriptions_url': u'https://api.github.com/users/bhushan9/subscriptions', u'avatar_url': u'https://avatars3.githubusercontent.com/u/7704900?v=3', u'repos_url': u'https://api.github.com/users/bhushan9/repos', u'received_events_url': u'https://api.github.com/users/bhushan9/received_events', u'gravatar_id': u'', u'starred_url': u'https://api.github.com/users/bhushan9/starred{/owner}{/repo}', u'site_admin': False, u'login': u'bhushan9', u'type': u'User', u'id': 7704900, u'followers_url': u'https://api.github.com/users/bhushan9/followers'}"
